{"_wandb": {"runtime": 1}, "global_step": 0, "_timestamp": 1719340633.9622765, "_runtime": 1.550781488418579, "_step": 0}