{"_wandb": {"runtime": 1}, "global_step": 0, "_timestamp": 1719339941.338552, "_runtime": 1.5835890769958496, "_step": 0}